
CREATE TABLE [dbo].[LOAIHANG]
(
	[MALOAIHANG] [int] IDENTITY(1,1) NOT NULL,
	[TENLOAIHANG] [nvarchar](15) NOT NULL,
	CONSTRAINT [PK_Categories] PRIMARY KEY CLUSTERED 
	(
		[MALOAIHANG] ASC
	) ON [PRIMARY]
) 
ON [PRIMARY]

CREATE TABLE [dbo].[NHACUNGCAP]
(
	[MACONGTY] [nvarchar](10) NOT NULL,
	[TENCONGTY] [nvarchar](40) NOT NULL,
	[TENGIAODICH] [nvarchar](30) NULL,
	[DIACHI] [nvarchar](60) NULL,
	[DIENTHOAI] [nvarchar](20) NULL,
	[FAX] [nvarchar](20) NULL,
	[EMAIL] [nvarchar](50) NULL,
	CONSTRAINT [PK_Suppliers] PRIMARY KEY CLUSTERED 
	(
		[MACONGTY] ASC
	) ON [PRIMARY]
) 
ON [PRIMARY]
GO

CREATE TABLE [dbo].[MATHANG]
(
	[MAHANG] [nvarchar](10) NOT NULL,
	[TENHANG] [nvarchar](50) NOT NULL,
	[MACONGTY] [nvarchar](10) NULL,
	[MALOAIHANG] [int] NULL,
	[SOLUONG] [int] NULL,
	[DONVITINH] [nvarchar](20) NULL,
	[GIAHANG] [money] NULL CONSTRAINT [DF_Products_UnitPrice]  DEFAULT (0),
	CONSTRAINT [PK_Products] PRIMARY KEY CLUSTERED 
	(
		[MAHANG] ASC
	) ON [PRIMARY]
) 
ON [PRIMARY]
GO

CREATE TABLE [dbo].[NHANVIEN]
(
	[MANHANVIEN] [nvarchar](10) NOT NULL,
	[HO] [nvarchar](20) NOT NULL,
	[TEN] [nvarchar](10) NOT NULL,
	[NGAYSINH] [datetime] NULL,
	[NGAYLAMVIEC] [datetime] NULL,
	[DIACHI] [nvarchar](60) NULL,
	[DIENTHOAI] [nvarchar](24) NULL,
	[LUONGCOBAN] [money] NULL,
	[PHUCAP] [real] NULL,
	CONSTRAINT [PK_Employees] PRIMARY KEY CLUSTERED 
	(
		[MANHANVIEN] ASC
	) ON [PRIMARY]
) 
ON [PRIMARY]
GO

CREATE TABLE [dbo].[KHACHHANG]
(
	[MAKHACHHANG] [nvarchar](10) NOT NULL,
	[TENCONGTY] [nvarchar](50) NOT NULL,
	[TENGIAODICH] [nvarchar](30) NULL,
	[DIACHI] [nvarchar](60) NULL,
	[EMAIL] [nvarchar](30) NULL,
	[DIENTHOAI] [nvarchar](20) NULL,
	[FAX] [nvarchar](20) NULL,
	CONSTRAINT [PK_Customers] PRIMARY KEY CLUSTERED 
	(
		[MAKHACHHANG] ASC
	) ON [PRIMARY]
) 
ON [PRIMARY]
GO

CREATE TABLE [dbo].[DONDATHANG]
(
	[SOHOADON] [int] NOT NULL,
	[MAKHACHHANG] [nvarchar](10) NULL,
	[MANHANVIEN] [nvarchar](10) NULL,
	[NGAYDATHANG] [smalldatetime] NULL,
	[NGAYGIAOHANG] [smalldatetime] NULL,
	[NGAYCHUYENHANG] [smalldatetime] NULL,
	[NOIGIAOHANG] [nvarchar](50) NULL,
	CONSTRAINT [PK_Orders] PRIMARY KEY CLUSTERED 
	(
		[SOHOADON] ASC
	) ON [PRIMARY]
) 
ON [PRIMARY]
GO

CREATE TABLE [dbo].[CHITIETDATHANG]
(
	[SOHOADON] [int] NOT NULL,
	[MAHANG] [nvarchar](10) NOT NULL,
	[GIABAN] [money] NOT NULL CONSTRAINT [DF_Order_Details_UnitPrice]  DEFAULT (0),
	[SOLUONG] [smallint] NOT NULL CONSTRAINT [DF_Order_Details_Quantity]  DEFAULT (1),
	[MUCGIAMGIA] [real] NOT NULL CONSTRAINT [DF_Order_Details_Discount]  DEFAULT (0),
	CONSTRAINT [PK_Order_Details] PRIMARY KEY CLUSTERED 
	(
		[SOHOADON] ASC,
		[MAHANG] ASC
	) ON [PRIMARY]
) 
ON [PRIMARY]
GO


ALTER TABLE [dbo].[CHITIETDATHANG]  WITH NOCHECK ADD  CONSTRAINT [FK_Order Details_Orders] 
FOREIGN KEY([SOHOADON]) REFERENCES [dbo].[DONDATHANG] ([SOHOADON])
ON UPDATE CASCADE
ON DELETE CASCADE
GO

ALTER TABLE [dbo].[CHITIETDATHANG] CHECK CONSTRAINT [FK_Order Details_Orders]
GO

ALTER TABLE [dbo].[CHITIETDATHANG]  WITH NOCHECK ADD  CONSTRAINT [FK_Order Details_Products] 
FOREIGN KEY([MAHANG]) REFERENCES [dbo].[MATHANG] ([MAHANG])
ON UPDATE CASCADE
ON DELETE CASCADE
GO

ALTER TABLE [dbo].[CHITIETDATHANG] CHECK CONSTRAINT [FK_Order Details_Products]
GO

ALTER TABLE [dbo].[DONDATHANG]  WITH NOCHECK ADD  CONSTRAINT [FK_Orders_Customers] 
FOREIGN KEY([MAKHACHHANG]) REFERENCES [dbo].[KHACHHANG] ([MAKHACHHANG])
ON UPDATE CASCADE
ON DELETE CASCADE
GO

ALTER TABLE [dbo].[DONDATHANG] CHECK CONSTRAINT [FK_Orders_Customers]
GO

ALTER TABLE [dbo].[DONDATHANG]  WITH NOCHECK ADD  CONSTRAINT [FK_Orders_Employees] 
FOREIGN KEY([MANHANVIEN]) REFERENCES [dbo].[NHANVIEN] ([MANHANVIEN])
ON UPDATE CASCADE
ON DELETE CASCADE
GO

ALTER TABLE [dbo].[DONDATHANG] CHECK CONSTRAINT [FK_Orders_Employees]
GO

ALTER TABLE [dbo].[MATHANG]  WITH NOCHECK ADD  CONSTRAINT [FK_Products_Categories] 
FOREIGN KEY([MALOAIHANG]) REFERENCES [dbo].[LOAIHANG] ([MALOAIHANG])
ON UPDATE CASCADE
ON DELETE CASCADE
GO

ALTER TABLE [dbo].[MATHANG] CHECK CONSTRAINT [FK_Products_Categories]
GO

ALTER TABLE [dbo].[MATHANG]  WITH NOCHECK ADD  CONSTRAINT [FK_Products_Suppliers] 
FOREIGN KEY([MACONGTY]) REFERENCES [dbo].[NHACUNGCAP] ([MACONGTY])
ON UPDATE CASCADE
ON DELETE CASCADE
GO
ALTER TABLE [dbo].[MATHANG] CHECK CONSTRAINT [FK_Products_Suppliers]
GO

SET NOCOUNT ON

SET IDENTITY_INSERT [dbo].[LOAIHANG] ON 
INSERT [dbo].[LOAIHANG] ([MALOAIHANG], [TENLOAIHANG]) VALUES (5, N'Hàng gia dụng')
INSERT [dbo].[LOAIHANG] ([MALOAIHANG], [TENLOAIHANG]) VALUES (2, N'Mỹ phẩm')
INSERT [dbo].[LOAIHANG] ([MALOAIHANG], [TENLOAIHANG]) VALUES (3, N'Tạp hóa')
INSERT [dbo].[LOAIHANG] ([MALOAIHANG], [TENLOAIHANG]) VALUES (1, N'Thực phẩm')
INSERT [dbo].[LOAIHANG] ([MALOAIHANG], [TENLOAIHANG]) VALUES (6, N'Trang phục')
INSERT [dbo].[LOAIHANG] ([MALOAIHANG], [TENLOAIHANG]) VALUES (4, N'Văn phòng phẩm')
SET IDENTITY_INSERT [dbo].[LOAIHANG] OFF

INSERT [dbo].[NHACUNGCAP] ([MACONGTY], [TENCONGTY], [TENGIAODICH], [DIACHI], [DIENTHOAI], [FAX], [EMAIL]) VALUES (N'BEAUTY', N'Công ty chăm sóc sắc đẹp phụ nữ Hoa Vàng', N'WomanBeauty', N'Đà Nẵng', N'5010585432', N'5010585432', N'admin@beauty.com.vn')
INSERT [dbo].[NHACUNGCAP] ([MACONGTY], [TENCONGTY], [TENGIAODICH], [DIACHI], [DIENTHOAI], [FAX], [EMAIL]) VALUES (N'PPC', N'Công ty TNHH Phú Phong', N'Phú Phong Ltd', N'TP. Huế', N'054820187', N'054820100', N'phuphong@gmail.com')
INSERT [dbo].[NHACUNGCAP] ([MACONGTY], [TENCONGTY], [TENGIAODICH], [DIACHI], [DIENTHOAI], [FAX], [EMAIL]) VALUES (N'SAIN', N'Hãng nước hoa Sài Gòn', N'MISSSAIN', N'TP. Hồ Chí Minh', N'087532345', N'087532345', N'sgmiss@sain.vn')
INSERT [dbo].[NHACUNGCAP] ([MACONGTY], [TENCONGTY], [TENGIAODICH], [DIACHI], [DIENTHOAI], [FAX], [EMAIL]) VALUES (N'SEAFOOD', N'Công ty thực phẩm SEAFOOD', N'SEAFOOD', N'TP. Hồ Chí Minh', N'088543234', N'088543234', N'seafood@vnn.vn')
INSERT [dbo].[NHACUNGCAP] ([MACONGTY], [TENCONGTY], [TENGIAODICH], [DIACHI], [DIENTHOAI], [FAX], [EMAIL]) VALUES (N'TCC', N'Công ty Thành Công', N'TCCLtd', N'TP. Huế', N'054522107', N'054522108', N'thanhcong@hue.vnn.vn')
INSERT [dbo].[NHACUNGCAP] ([MACONGTY], [TENCONGTY], [TENGIAODICH], [DIACHI], [DIENTHOAI], [FAX], [EMAIL]) VALUES (N'VIETTIEN', N'Công ty may Việt Tiến', N'Việt Tiến', N'TP. Hồ Chí Minh', N'085498390', N'085498391', N'viettien@vnn.vn')
INSERT [dbo].[NHACUNGCAP] ([MACONGTY], [TENCONGTY], [TENGIAODICH], [DIACHI], [DIENTHOAI], [FAX], [EMAIL]) VALUES (N'VINAFOOD', N'Công ty thực phẩm Việt Nam', N'VIVAFOOD', N'Hà Nội', N'048220213', N'048220213', N'vinafood@vnn.vn')
INSERT [dbo].[NHACUNGCAP] ([MACONGTY], [TENCONGTY], [TENGIAODICH], [DIACHI], [DIENTHOAI], [FAX], [EMAIL]) VALUES (N'VINAMILK', N'Công ty sữa VINAMILK', N'VINAMILK', N'Hà Tây', N'050820754', N'050820754', N'vinamilk@dng.vnn.vn')


INSERT [dbo].[MATHANG] ([MAHANG], [TENHANG], [MACONGTY], [MALOAIHANG], [SOLUONG], [DONVITINH], [GIAHANG]) VALUES (N'GD0001', N'Tăm tre Quê hương', N'PPC', 5, 1000, N'Gói', 500.0000)
INSERT [dbo].[MATHANG] ([MAHANG], [TENHANG], [MACONGTY], [MALOAIHANG], [SOLUONG], [DONVITINH], [GIAHANG]) VALUES (N'GD0002', N'Chăn bông den Heart', N'TCC', 5, 100, N'Cái', 150000.0000)
INSERT [dbo].[MATHANG] ([MAHANG], [TENHANG], [MACONGTY], [MALOAIHANG], [SOLUONG], [DONVITINH], [GIAHANG]) VALUES (N'GD0003', N'Gối ôm Lonely Girl', N'TCC', 5, 150, N'Cái', 100000.0000)
INSERT [dbo].[MATHANG] ([MAHANG], [TENHANG], [MACONGTY], [MALOAIHANG], [SOLUONG], [DONVITINH], [GIAHANG]) VALUES (N'MP0001', N'Nước hoa Sài Gòn', N'SAIN', 2, 100, N'Lọ', 120000.0000)
INSERT [dbo].[MATHANG] ([MAHANG], [TENHANG], [MACONGTY], [MALOAIHANG], [SOLUONG], [DONVITINH], [GIAHANG]) VALUES (N'MP0002', N'Son môi Korea', N'BEAUTY', 2, 200, N'Thỏi', 500000.0000)
INSERT [dbo].[MATHANG] ([MAHANG], [TENHANG], [MACONGTY], [MALOAIHANG], [SOLUONG], [DONVITINH], [GIAHANG]) VALUES (N'MP0003', N'Nước hoa TERRIBLE', N'BEAUTY', 2, 180, N'Lọ', 170000.0000)
INSERT [dbo].[MATHANG] ([MAHANG], [TENHANG], [MACONGTY], [MALOAIHANG], [SOLUONG], [DONVITINH], [GIAHANG]) VALUES (N'MP0004', N'Phấn trang điểm VINAGIRL', N'SAIN', 2, 210, N'Hộp', 140000.0000)
INSERT [dbo].[MATHANG] ([MAHANG], [TENHANG], [MACONGTY], [MALOAIHANG], [SOLUONG], [DONVITINH], [GIAHANG]) VALUES (N'MP0005', N'Nước hoa Looking For Husban', N'BEAUTY', 2, 200, N'Hộp', 100000.0000)
INSERT [dbo].[MATHANG] ([MAHANG], [TENHANG], [MACONGTY], [MALOAIHANG], [SOLUONG], [DONVITINH], [GIAHANG]) VALUES (N'TP0001', N'Sữa hộp XYZ', N'SEAFOOD', 1, 1000, N'Hộp', 12000.0000)
INSERT [dbo].[MATHANG] ([MAHANG], [TENHANG], [MACONGTY], [MALOAIHANG], [SOLUONG], [DONVITINH], [GIAHANG]) VALUES (N'TP0002', N'Mì ăn liền 4Dead', N'SEAFOOD', 1, 200, N'Gói', 1800.0000)
INSERT [dbo].[MATHANG] ([MAHANG], [TENHANG], [MACONGTY], [MALOAIHANG], [SOLUONG], [DONVITINH], [GIAHANG]) VALUES (N'TP0003', N'Cá hộp BigShark', N'VINAFOOD', 1, 300, N'Hộp', 7000.0000)
INSERT [dbo].[MATHANG] ([MAHANG], [TENHANG], [MACONGTY], [MALOAIHANG], [SOLUONG], [DONVITINH], [GIAHANG]) VALUES (N'TP0004', N'Thịt gà hầm H5N1', N'VINAFOOD', 1, 100, N'Hộp', 6500.0000)
INSERT [dbo].[MATHANG] ([MAHANG], [TENHANG], [MACONGTY], [MALOAIHANG], [SOLUONG], [DONVITINH], [GIAHANG]) VALUES (N'TP0005', N'Sữa tươi VINAMILK', N'VINAMILK', 1, 500, N'Hộp', 3500.0000)
INSERT [dbo].[MATHANG] ([MAHANG], [TENHANG], [MACONGTY], [MALOAIHANG], [SOLUONG], [DONVITINH], [GIAHANG]) VALUES (N'TP0006', N'Sữa bột VINAMILK', N'VINAMILK', 1, 350, N'Hộp', 75000.0000)
INSERT [dbo].[MATHANG] ([MAHANG], [TENHANG], [MACONGTY], [MALOAIHANG], [SOLUONG], [DONVITINH], [GIAHANG]) VALUES (N'TP0007', N'Nước mắm Phú Quốc', N'PPC', 1, 200, N'Chai', 6500.0000)
INSERT [dbo].[MATHANG] ([MAHANG], [TENHANG], [MACONGTY], [MALOAIHANG], [SOLUONG], [DONVITINH], [GIAHANG]) VALUES (N'TH0001', N'Xà phòng tắm LifeBouy', N'PPC', 3, 100, N'Hộp', 5000.0000)
INSERT [dbo].[MATHANG] ([MAHANG], [TENHANG], [MACONGTY], [MALOAIHANG], [SOLUONG], [DONVITINH], [GIAHANG]) VALUES (N'TH0002', N'Xà phòng giặt OMO', N'TCC', 3, 500, N'Gói', 8000.0000)
INSERT [dbo].[MATHANG] ([MAHANG], [TENHANG], [MACONGTY], [MALOAIHANG], [SOLUONG], [DONVITINH], [GIAHANG]) VALUES (N'TR0001', N'Áo nam VIP', N'VIETTIEN', 6, 100, N'Cái', 75000.0000)
INSERT [dbo].[MATHANG] ([MAHANG], [TENHANG], [MACONGTY], [MALOAIHANG], [SOLUONG], [DONVITINH], [GIAHANG]) VALUES (N'TR0002', N'Quần âu nam', N'VIETTIEN', 6, 200, N'Cái', 170000.0000)
INSERT [dbo].[MATHANG] ([MAHANG], [TENHANG], [MACONGTY], [MALOAIHANG], [SOLUONG], [DONVITINH], [GIAHANG]) VALUES (N'TR0003', N'Áo dạ hội TRANSFARENT', N'VIETTIEN', 6, 100, N'Cái', 2000000.0000)
INSERT [dbo].[MATHANG] ([MAHANG], [TENHANG], [MACONGTY], [MALOAIHANG], [SOLUONG], [DONVITINH], [GIAHANG]) VALUES (N'TR0004', N'Bikini LOVE AT FIST SIGHT', N'VIETTIEN', 6, 100, N'Cái', 190000.0000)
INSERT [dbo].[MATHANG] ([MAHANG], [TENHANG], [MACONGTY], [MALOAIHANG], [SOLUONG], [DONVITINH], [GIAHANG]) VALUES (N'TR0005', N'Váy ngắn BOOM', N'VIETTIEN', 6, 30, N'Cái', 450000.0000)
INSERT [dbo].[MATHANG] ([MAHANG], [TENHANG], [MACONGTY], [MALOAIHANG], [SOLUONG], [DONVITINH], [GIAHANG]) VALUES (N'VP0001', N'Giấy A4 Loại 1', N'PPC', 4, 100, N'Gói', 42000.0000)
INSERT [dbo].[MATHANG] ([MAHANG], [TENHANG], [MACONGTY], [MALOAIHANG], [SOLUONG], [DONVITINH], [GIAHANG]) VALUES (N'VP0002', N'Viết bi BADWORD', N'TCC', 4, 200, N'Cây', 2500.0000)


INSERT [dbo].[NHANVIEN] ([MANHANVIEN], [HO], [TEN], [NGAYSINH], [NGAYLAMVIEC], [DIACHI], [DIENTHOAI], [LUONGCOBAN], [PHUCAP]) VALUES (N'NV001', N'Hoàng Thị Mỹ', N'Thoa', CAST(N'1978-05-23 00:00:00.000' AS DateTime), CAST(N'2000-09-10 00:00:00.000' AS DateTime), N'34 Hoàng Văn Thụ', N'820045', 1800000.0000, 0)
INSERT [dbo].[NHANVIEN] ([MANHANVIEN], [HO], [TEN], [NGAYSINH], [NGAYLAMVIEC], [DIACHI], [DIENTHOAI], [LUONGCOBAN], [PHUCAP]) VALUES (N'NV002', N'Lê Văn', N'Tài', CAST(N'1975-07-04 00:00:00.000' AS DateTime), CAST(N'1998-08-20 00:00:00.000' AS DateTime), N'45 Lê Lợi', N'825234', 2500000.0000, 200000)
INSERT [dbo].[NHANVIEN] ([MANHANVIEN], [HO], [TEN], [NGAYSINH], [NGAYLAMVIEC], [DIACHI], [DIENTHOAI], [LUONGCOBAN], [PHUCAP]) VALUES (N'NV003', N'Trần Chí', N'Trung', CAST(N'1981-07-12 00:00:00.000' AS DateTime), CAST(N'2000-05-23 00:00:00.000' AS DateTime), N'201 Bà Triệu', N'822121', 1500000.0000, 0)
INSERT [dbo].[NHANVIEN] ([MANHANVIEN], [HO], [TEN], [NGAYSINH], [NGAYLAMVIEC], [DIACHI], [DIENTHOAI], [LUONGCOBAN], [PHUCAP]) VALUES (N'NV004', N'Lê Hoàng', N'Mai', CAST(N'1974-02-21 00:00:00.000' AS DateTime), CAST(N'1997-09-10 00:00:00.000' AS DateTime), N'P23/B1 Đông Nam Thủy Triều', N'822012', 3000000.0000, 500000)
INSERT [dbo].[NHANVIEN] ([MANHANVIEN], [HO], [TEN], [NGAYSINH], [NGAYLAMVIEC], [DIACHI], [DIENTHOAI], [LUONGCOBAN], [PHUCAP]) VALUES (N'NV005', N'Trần Thanh', N'Tuấn', CAST(N'1980-07-04 00:00:00.000' AS DateTime), CAST(N'2000-08-14 00:00:00.000' AS DateTime), N'12/45 Trần Phú', N'820045', 1500000.0000, 0)
INSERT [dbo].[NHANVIEN] ([MANHANVIEN], [HO], [TEN], [NGAYSINH], [NGAYLAMVIEC], [DIACHI], [DIENTHOAI], [LUONGCOBAN], [PHUCAP]) VALUES (N'NV006', N'Vũ Thị Thanh', N'Mai', CAST(N'1981-07-19 00:00:00.000' AS DateTime), CAST(N'2000-09-10 00:00:00.000' AS DateTime), N'102 Nguyễn Chí Diễu', N'543234', 1500000.0000, 0)
INSERT [dbo].[NHANVIEN] ([MANHANVIEN], [HO], [TEN], [NGAYSINH], [NGAYLAMVIEC], [DIACHI], [DIENTHOAI], [LUONGCOBAN], [PHUCAP]) VALUES (N'NV007', N'Nguyễn Văn', N'Tùng', CAST(N'1980-05-21 00:00:00.000' AS DateTime), CAST(N'2001-09-10 00:00:00.000' AS DateTime), N'P301/A5 Chung cư Đống Đa', N'821188', 1500000.0000, 0)
INSERT [dbo].[NHANVIEN] ([MANHANVIEN], [HO], [TEN], [NGAYSINH], [NGAYLAMVIEC], [DIACHI], [DIENTHOAI], [LUONGCOBAN], [PHUCAP]) VALUES (N'NV008', N'Trần Thị Hoài', N'Mỹ', CAST(N'1978-07-15 00:00:00.000' AS DateTime), CAST(N'1999-10-20 00:00:00.000' AS DateTime), N'Thôn 2 - Xã Thủy Xuân - TP. Huế', N'820010', 2500000.0000, 0)
INSERT [dbo].[NHANVIEN] ([MANHANVIEN], [HO], [TEN], [NGAYSINH], [NGAYLAMVIEC], [DIACHI], [DIENTHOAI], [LUONGCOBAN], [PHUCAP]) VALUES (N'NV009', N'Trần Hoàng Thiện', N'Trang', CAST(N'1975-11-18 00:00:00.000' AS DateTime), CAST(N'1999-10-20 00:00:00.000' AS DateTime), N'430 Trần Hưng Đạo', N'529356', 2500000.0000, 200000)
INSERT [dbo].[NHANVIEN] ([MANHANVIEN], [HO], [TEN], [NGAYSINH], [NGAYLAMVIEC], [DIACHI], [DIENTHOAI], [LUONGCOBAN], [PHUCAP]) VALUES (N'NV010', N'Nguyễn Chánh', N'Thắng', CAST(N'1982-09-05 00:00:00.000' AS DateTime), CAST(N'2001-10-20 00:00:00.000' AS DateTime), N'78 Lê Hồng Phong', N'820177', 1800000.0000, 0)


INSERT [dbo].[KHACHHANG] ([MAKHACHHANG], [TENCONGTY], [TENGIAODICH], [DIACHI], [EMAIL], [DIENTHOAI], [FAX]) VALUES (N'KH0005', N'Công ty TNHH Phú Phong', N'Phú Phong Ltd', N'TP. Huế', N'phuphong@gmail.com', N'054820187', N'054820100')
INSERT [dbo].[KHACHHANG] ([MAKHACHHANG], [TENCONGTY], [TENGIAODICH], [DIACHI], [EMAIL], [DIENTHOAI], [FAX]) VALUES (N'KH0006', N'Trần Nguyên Phong', N'Trần Nguyên Phong', N'43 Ấu Triệu - Huế', N'tnphong@gmail.com', N'054886963', NULL)
INSERT [dbo].[KHACHHANG] ([MAKHACHHANG], [TENCONGTY], [TENGIAODICH], [DIACHI], [EMAIL], [DIENTHOAI], [FAX]) VALUES (N'KH0007', N'Lê Hoàng Diễm', N'Lê Hoàng Diễm', N'55 Hoàng Văn Thụ', NULL, NULL, NULL)
INSERT [dbo].[KHACHHANG] ([MAKHACHHANG], [TENCONGTY], [TENGIAODICH], [DIACHI], [EMAIL], [DIENTHOAI], [FAX]) VALUES (N'KH0008', N'Mai Thị Ánh Dương', N'Mai Thị Ánh Dương', N'30 Trần Phú', NULL, NULL, NULL)
INSERT [dbo].[KHACHHANG] ([MAKHACHHANG], [TENCONGTY], [TENGIAODICH], [DIACHI], [EMAIL], [DIENTHOAI], [FAX]) VALUES (N'KH0009', N'Vũ Hoàng Minh', N'Vũ Hoàng Minh', N'340 Trần Hưng Đạo', NULL, NULL, NULL)
INSERT [dbo].[KHACHHANG] ([MAKHACHHANG], [TENCONGTY], [TENGIAODICH], [DIACHI], [EMAIL], [DIENTHOAI], [FAX]) VALUES (N'KH0010', N'Khoa Công nghệ Thông tin', N'Khoa CNTT', N'77 Nguyễn Huệ', N'054826767', NULL, NULL)
INSERT [dbo].[KHACHHANG] ([MAKHACHHANG], [TENCONGTY], [TENGIAODICH], [DIACHI], [EMAIL], [DIENTHOAI], [FAX]) VALUES (N'KH0011', N'Công ty Tekciz', N'Tekciz', N'Hà Nội', NULL, NULL, NULL)
INSERT [dbo].[KHACHHANG] ([MAKHACHHANG], [TENCONGTY], [TENGIAODICH], [DIACHI], [EMAIL], [DIENTHOAI], [FAX]) VALUES (N'KH0012', N'Công ty Tin học IT', N'IT', N'Đông Hà - Quảng Trị', NULL, NULL, NULL)
INSERT [dbo].[KHACHHANG] ([MAKHACHHANG], [TENCONGTY], [TENGIAODICH], [DIACHI], [EMAIL], [DIENTHOAI], [FAX]) VALUES (N'KH0013', N'Trần Thị Thảo Nguyên', N'Trần Thị Thảo Nguyên', N'TX Quảng Trị - tỉnh Quảng Trị', NULL, NULL, NULL)
INSERT [dbo].[KHACHHANG] ([MAKHACHHANG], [TENCONGTY], [TENGIAODICH], [DIACHI], [EMAIL], [DIENTHOAI], [FAX]) VALUES (N'KH0014', N'Trung tâm Nại ngữ Tin học ĐắkLắk', N'FCC', N'1 Đinh Tiên Hoàng - TP. Buôn Ma Thuột', NULL, NULL, NULL)
INSERT [dbo].[KHACHHANG] ([MAKHACHHANG], [TENCONGTY], [TENGIAODICH], [DIACHI], [EMAIL], [DIENTHOAI], [FAX]) VALUES (N'KH0015', N'Trường THPT Hoàng Diệu', N'Trường THPT Hoàng Diệu', N'34 Lê Lợi - TP. Đà Nẵng', NULL, NULL, NULL)
INSERT [dbo].[KHACHHANG] ([MAKHACHHANG], [TENCONGTY], [TENGIAODICH], [DIACHI], [EMAIL], [DIENTHOAI], [FAX]) VALUES (N'KH0001', N'Công ty Hoàng Hà', N'HOANGHALtd', N'Huế', N'nhha@hoangha.com', N'054023421', NULL)
INSERT [dbo].[KHACHHANG] ([MAKHACHHANG], [TENCONGTY], [TENGIAODICH], [DIACHI], [EMAIL], [DIENTHOAI], [FAX]) VALUES (N'KH0002', N'Công ty Ngọc Thủy', N'TQLtd', N'Huế', N'admin@tqld.com.vn', N'05408643', NULL)
INSERT [dbo].[KHACHHANG] ([MAKHACHHANG], [TENCONGTY], [TENGIAODICH], [DIACHI], [EMAIL], [DIENTHOAI], [FAX]) VALUES (N'KH0003', N'Công ty Viễn Dương', N'Viễn Dương', N'32 Hoàng Diệu - Huế', N'hdh@vnn.vn', N'054034572', N'054767378')
INSERT [dbo].[KHACHHANG] ([MAKHACHHANG], [TENCONGTY], [TENGIAODICH], [DIACHI], [EMAIL], [DIENTHOAI], [FAX]) VALUES (N'KH0004', N'Công ty Thành Công', N'TCCLtd', N'TP. Huế', N'thanhcong@hue.vnn.vn', N'054522107', N'054522108')



INSERT [dbo].[DONDATHANG] ([SOHOADON], [MAKHACHHANG], [MANHANVIEN], [NGAYDATHANG], [NGAYGIAOHANG], [NGAYCHUYENHANG], [NOIGIAOHANG]) VALUES (1, N'KH0004', N'NV002', CAST(N'2003-01-12 00:00:00' AS SmallDateTime), CAST(N'2003-01-14 00:00:00' AS SmallDateTime), CAST(N'2003-01-14 00:00:00' AS SmallDateTime), N'20 Lê Lợi, Huế')
INSERT [dbo].[DONDATHANG] ([SOHOADON], [MAKHACHHANG], [MANHANVIEN], [NGAYDATHANG], [NGAYGIAOHANG], [NGAYCHUYENHANG], [NOIGIAOHANG]) VALUES (2, N'KH0001', N'NV003', CAST(N'2003-01-17 00:00:00' AS SmallDateTime), CAST(N'2003-01-17 00:00:00' AS SmallDateTime), CAST(N'2003-01-17 00:00:00' AS SmallDateTime), N'2 Ấu Triệu, Huế')
INSERT [dbo].[DONDATHANG] ([SOHOADON], [MAKHACHHANG], [MANHANVIEN], [NGAYDATHANG], [NGAYGIAOHANG], [NGAYCHUYENHANG], [NOIGIAOHANG]) VALUES (3, N'KH0002', N'NV003', CAST(N'2003-02-13 00:00:00' AS SmallDateTime), CAST(N'2003-02-15 00:00:00' AS SmallDateTime), CAST(N'2003-02-15 00:00:00' AS SmallDateTime), N'41 Trần Phú, Huế')
INSERT [dbo].[DONDATHANG] ([SOHOADON], [MAKHACHHANG], [MANHANVIEN], [NGAYDATHANG], [NGAYGIAOHANG], [NGAYCHUYENHANG], [NOIGIAOHANG]) VALUES (4, N'KH0003', N'NV001', CAST(N'2003-03-15 00:00:00' AS SmallDateTime), CAST(N'2003-03-20 00:00:00' AS SmallDateTime), CAST(N'2003-03-20 00:00:00' AS SmallDateTime), N'32 Hoàng Diệu, Huế')
INSERT [dbo].[DONDATHANG] ([SOHOADON], [MAKHACHHANG], [MANHANVIEN], [NGAYDATHANG], [NGAYGIAOHANG], [NGAYCHUYENHANG], [NOIGIAOHANG]) VALUES (5, N'KH0004', N'NV002', CAST(N'2003-03-23 00:00:00' AS SmallDateTime), CAST(N'2003-03-25 00:00:00' AS SmallDateTime), CAST(N'2003-03-25 00:00:00' AS SmallDateTime), N'70 Trần Hưng Đạo, Huế')
INSERT [dbo].[DONDATHANG] ([SOHOADON], [MAKHACHHANG], [MANHANVIEN], [NGAYDATHANG], [NGAYGIAOHANG], [NGAYCHUYENHANG], [NOIGIAOHANG]) VALUES (6, N'KH0005', N'NV005', CAST(N'2003-04-20 00:00:00' AS SmallDateTime), CAST(N'2003-04-21 00:00:00' AS SmallDateTime), CAST(N'2003-04-21 00:00:00' AS SmallDateTime), NULL)
INSERT [dbo].[DONDATHANG] ([SOHOADON], [MAKHACHHANG], [MANHANVIEN], [NGAYDATHANG], [NGAYGIAOHANG], [NGAYCHUYENHANG], [NOIGIAOHANG]) VALUES (7, N'KH0006', N'NV008', CAST(N'2003-04-27 00:00:00' AS SmallDateTime), CAST(N'2003-04-30 00:00:00' AS SmallDateTime), CAST(N'2003-04-30 00:00:00' AS SmallDateTime), NULL)
INSERT [dbo].[DONDATHANG] ([SOHOADON], [MAKHACHHANG], [MANHANVIEN], [NGAYDATHANG], [NGAYGIAOHANG], [NGAYCHUYENHANG], [NOIGIAOHANG]) VALUES (8, N'KH0007', N'NV008', CAST(N'2003-05-10 00:00:00' AS SmallDateTime), CAST(N'2003-05-10 00:00:00' AS SmallDateTime), CAST(N'2003-05-10 00:00:00' AS SmallDateTime), N'55 Hoàng Văn Thụ, Huế')
INSERT [dbo].[DONDATHANG] ([SOHOADON], [MAKHACHHANG], [MANHANVIEN], [NGAYDATHANG], [NGAYGIAOHANG], [NGAYCHUYENHANG], [NOIGIAOHANG]) VALUES (9, N'KH0008', N'NV003', CAST(N'2003-06-17 00:00:00' AS SmallDateTime), CAST(N'2003-06-21 00:00:00' AS SmallDateTime), CAST(N'2003-06-21 00:00:00' AS SmallDateTime), N'30 Trần Phú')
INSERT [dbo].[DONDATHANG] ([SOHOADON], [MAKHACHHANG], [MANHANVIEN], [NGAYDATHANG], [NGAYGIAOHANG], [NGAYCHUYENHANG], [NOIGIAOHANG]) VALUES (10, N'KH0009', N'NV002', CAST(N'2003-07-10 00:00:00' AS SmallDateTime), CAST(N'2003-07-12 00:00:00' AS SmallDateTime), CAST(N'2003-07-12 00:00:00' AS SmallDateTime), N'340 Trần Hưng Đạo')
INSERT [dbo].[DONDATHANG] ([SOHOADON], [MAKHACHHANG], [MANHANVIEN], [NGAYDATHANG], [NGAYGIAOHANG], [NGAYCHUYENHANG], [NOIGIAOHANG]) VALUES (11, N'KH0010', N'NV005', CAST(N'2003-08-18 00:00:00' AS SmallDateTime), CAST(N'2003-08-19 00:00:00' AS SmallDateTime), CAST(N'2003-08-19 00:00:00' AS SmallDateTime), N'77 Nguyễn Huệ, Huế')
INSERT [dbo].[DONDATHANG] ([SOHOADON], [MAKHACHHANG], [MANHANVIEN], [NGAYDATHANG], [NGAYGIAOHANG], [NGAYCHUYENHANG], [NOIGIAOHANG]) VALUES (12, N'KH0011', N'NV001', CAST(N'2003-09-23 00:00:00' AS SmallDateTime), CAST(N'2003-09-25 00:00:00' AS SmallDateTime), CAST(N'2003-09-24 00:00:00' AS SmallDateTime), N'Hà Nội')
INSERT [dbo].[DONDATHANG] ([SOHOADON], [MAKHACHHANG], [MANHANVIEN], [NGAYDATHANG], [NGAYGIAOHANG], [NGAYCHUYENHANG], [NOIGIAOHANG]) VALUES (13, N'KH0012', N'NV002', CAST(N'2003-10-27 00:00:00' AS SmallDateTime), CAST(N'2003-10-27 00:00:00' AS SmallDateTime), CAST(N'2003-10-27 00:00:00' AS SmallDateTime), N'Quốc lộ 1, Đông Hà, Quảng Trị')
INSERT [dbo].[DONDATHANG] ([SOHOADON], [MAKHACHHANG], [MANHANVIEN], [NGAYDATHANG], [NGAYGIAOHANG], [NGAYCHUYENHANG], [NOIGIAOHANG]) VALUES (14, N'KH0013', N'NV004', CAST(N'2003-11-18 00:00:00' AS SmallDateTime), CAST(N'2003-11-20 00:00:00' AS SmallDateTime), CAST(N'2003-11-19 00:00:00' AS SmallDateTime), N'TX Quảng Trị')
INSERT [dbo].[DONDATHANG] ([SOHOADON], [MAKHACHHANG], [MANHANVIEN], [NGAYDATHANG], [NGAYGIAOHANG], [NGAYCHUYENHANG], [NOIGIAOHANG]) VALUES (15, N'KH0014', N'NV003', CAST(N'2003-12-20 00:00:00' AS SmallDateTime), CAST(N'2003-12-25 00:00:00' AS SmallDateTime), CAST(N'2003-12-23 00:00:00' AS SmallDateTime), N'1 Đinh Tiên Hoàng, Buôn Mê Thuột, Đắklắk')
INSERT [dbo].[DONDATHANG] ([SOHOADON], [MAKHACHHANG], [MANHANVIEN], [NGAYDATHANG], [NGAYGIAOHANG], [NGAYCHUYENHANG], [NOIGIAOHANG]) VALUES (16, N'KH0015', N'NV007', CAST(N'2004-03-17 00:00:00' AS SmallDateTime), CAST(N'2004-03-19 00:00:00' AS SmallDateTime), CAST(N'2004-03-18 00:00:00' AS SmallDateTime), N'34 Lê Lợi, Đà Nẵng')
INSERT [dbo].[DONDATHANG] ([SOHOADON], [MAKHACHHANG], [MANHANVIEN], [NGAYDATHANG], [NGAYGIAOHANG], [NGAYCHUYENHANG], [NOIGIAOHANG]) VALUES (17, N'KH0007', N'NV004', CAST(N'2004-05-18 00:00:00' AS SmallDateTime), CAST(N'2004-05-19 00:00:00' AS SmallDateTime), CAST(N'2004-05-19 00:00:00' AS SmallDateTime), N'55 Hoàng Văn Thụ, Huế')
INSERT [dbo].[DONDATHANG] ([SOHOADON], [MAKHACHHANG], [MANHANVIEN], [NGAYDATHANG], [NGAYGIAOHANG], [NGAYCHUYENHANG], [NOIGIAOHANG]) VALUES (18, N'KH0009', N'NV003', CAST(N'2004-06-24 00:00:00' AS SmallDateTime), CAST(N'2004-06-27 00:00:00' AS SmallDateTime), CAST(N'2004-06-27 00:00:00' AS SmallDateTime), N'ĐHSP Huế')
INSERT [dbo].[DONDATHANG] ([SOHOADON], [MAKHACHHANG], [MANHANVIEN], [NGAYDATHANG], [NGAYGIAOHANG], [NGAYCHUYENHANG], [NOIGIAOHANG]) VALUES (19, N'KH0004', N'NV005', CAST(N'2004-09-20 00:00:00' AS SmallDateTime), CAST(N'2004-09-20 00:00:00' AS SmallDateTime), CAST(N'2004-09-20 00:00:00' AS SmallDateTime), N'Khách sạn Hoàng Mai, 12 Lê Lợi, Huế')
INSERT [dbo].[DONDATHANG] ([SOHOADON], [MAKHACHHANG], [MANHANVIEN], [NGAYDATHANG], [NGAYGIAOHANG], [NGAYCHUYENHANG], [NOIGIAOHANG]) VALUES (20, N'KH0003', N'NV008', CAST(N'2004-12-14 00:00:00' AS SmallDateTime), CAST(N'2004-12-15 00:00:00' AS SmallDateTime), CAST(N'2004-12-15 00:00:00' AS SmallDateTime), N'Công ty Du lịch LVD, 40 Chu Văn An, Huế')


INSERT [dbo].[CHITIETDATHANG] ([SOHOADON], [MAHANG], [GIABAN], [SOLUONG], [MUCGIAMGIA]) VALUES (1, N'GD0003', 120000.0000, 5, 0)
INSERT [dbo].[CHITIETDATHANG] ([SOHOADON], [MAHANG], [GIABAN], [SOLUONG], [MUCGIAMGIA]) VALUES (1, N'TP0001', 14400.0000, 15, 0)
INSERT [dbo].[CHITIETDATHANG] ([SOHOADON], [MAHANG], [GIABAN], [SOLUONG], [MUCGIAMGIA]) VALUES (1, N'TP0003', 8400.0000, 22, 0)
INSERT [dbo].[CHITIETDATHANG] ([SOHOADON], [MAHANG], [GIABAN], [SOLUONG], [MUCGIAMGIA]) VALUES (1, N'TR0004', 228000.0000, 10, 0)
INSERT [dbo].[CHITIETDATHANG] ([SOHOADON], [MAHANG], [GIABAN], [SOLUONG], [MUCGIAMGIA]) VALUES (2, N'MP0004', 168000.0000, 15, 0)
INSERT [dbo].[CHITIETDATHANG] ([SOHOADON], [MAHANG], [GIABAN], [SOLUONG], [MUCGIAMGIA]) VALUES (2, N'MP0005', 120000.0000, 10, 0)
INSERT [dbo].[CHITIETDATHANG] ([SOHOADON], [MAHANG], [GIABAN], [SOLUONG], [MUCGIAMGIA]) VALUES (2, N'TP0003', 8400.0000, 20, 0)
INSERT [dbo].[CHITIETDATHANG] ([SOHOADON], [MAHANG], [GIABAN], [SOLUONG], [MUCGIAMGIA]) VALUES (2, N'TP0004', 7800.0000, 17, 0)
INSERT [dbo].[CHITIETDATHANG] ([SOHOADON], [MAHANG], [GIABAN], [SOLUONG], [MUCGIAMGIA]) VALUES (2, N'TH0001', 6000.0000, 10, 0)
INSERT [dbo].[CHITIETDATHANG] ([SOHOADON], [MAHANG], [GIABAN], [SOLUONG], [MUCGIAMGIA]) VALUES (3, N'TR0001', 90000.0000, 20, 0)
INSERT [dbo].[CHITIETDATHANG] ([SOHOADON], [MAHANG], [GIABAN], [SOLUONG], [MUCGIAMGIA]) VALUES (3, N'TR0002', 204000.0000, 20, 0)
INSERT [dbo].[CHITIETDATHANG] ([SOHOADON], [MAHANG], [GIABAN], [SOLUONG], [MUCGIAMGIA]) VALUES (3, N'TR0003', 2400000.0000, 15, 0)
INSERT [dbo].[CHITIETDATHANG] ([SOHOADON], [MAHANG], [GIABAN], [SOLUONG], [MUCGIAMGIA]) VALUES (3, N'TR0004', 228000.0000, 15, 0)
INSERT [dbo].[CHITIETDATHANG] ([SOHOADON], [MAHANG], [GIABAN], [SOLUONG], [MUCGIAMGIA]) VALUES (3, N'VP0001', 50400.0000, 100, 10)
INSERT [dbo].[CHITIETDATHANG] ([SOHOADON], [MAHANG], [GIABAN], [SOLUONG], [MUCGIAMGIA]) VALUES (3, N'VP0002', 3000.0000, 200, 10)
INSERT [dbo].[CHITIETDATHANG] ([SOHOADON], [MAHANG], [GIABAN], [SOLUONG], [MUCGIAMGIA]) VALUES (4, N'TP0001', 14400.0000, 20, 0)
INSERT [dbo].[CHITIETDATHANG] ([SOHOADON], [MAHANG], [GIABAN], [SOLUONG], [MUCGIAMGIA]) VALUES (4, N'TP0002', 2160.0000, 15, 0)
INSERT [dbo].[CHITIETDATHANG] ([SOHOADON], [MAHANG], [GIABAN], [SOLUONG], [MUCGIAMGIA]) VALUES (4, N'TP0004', 7800.0000, 10, 0)
INSERT [dbo].[CHITIETDATHANG] ([SOHOADON], [MAHANG], [GIABAN], [SOLUONG], [MUCGIAMGIA]) VALUES (4, N'TP0006', 90000.0000, 12, 0)
INSERT [dbo].[CHITIETDATHANG] ([SOHOADON], [MAHANG], [GIABAN], [SOLUONG], [MUCGIAMGIA]) VALUES (5, N'MP0002', 600000.0000, 17, 0)
INSERT [dbo].[CHITIETDATHANG] ([SOHOADON], [MAHANG], [GIABAN], [SOLUONG], [MUCGIAMGIA]) VALUES (5, N'MP0003', 204000.0000, 10, 0)
INSERT [dbo].[CHITIETDATHANG] ([SOHOADON], [MAHANG], [GIABAN], [SOLUONG], [MUCGIAMGIA]) VALUES (5, N'TP0006', 90000.0000, 10, 0)
INSERT [dbo].[CHITIETDATHANG] ([SOHOADON], [MAHANG], [GIABAN], [SOLUONG], [MUCGIAMGIA]) VALUES (6, N'GD0002', 160000.0000, 10, 0)
INSERT [dbo].[CHITIETDATHANG] ([SOHOADON], [MAHANG], [GIABAN], [SOLUONG], [MUCGIAMGIA]) VALUES (6, N'TP0004', 7800.0000, 40, 10)
INSERT [dbo].[CHITIETDATHANG] ([SOHOADON], [MAHANG], [GIABAN], [SOLUONG], [MUCGIAMGIA]) VALUES (6, N'TP0005', 4200.0000, 35, 10)
INSERT [dbo].[CHITIETDATHANG] ([SOHOADON], [MAHANG], [GIABAN], [SOLUONG], [MUCGIAMGIA]) VALUES (6, N'TP0007', 7800.0000, 10, 10)
INSERT [dbo].[CHITIETDATHANG] ([SOHOADON], [MAHANG], [GIABAN], [SOLUONG], [MUCGIAMGIA]) VALUES (7, N'MP0001', 144000.0000, 30, 0)
INSERT [dbo].[CHITIETDATHANG] ([SOHOADON], [MAHANG], [GIABAN], [SOLUONG], [MUCGIAMGIA]) VALUES (7, N'MP0002', 600000.0000, 35, 0)
INSERT [dbo].[CHITIETDATHANG] ([SOHOADON], [MAHANG], [GIABAN], [SOLUONG], [MUCGIAMGIA]) VALUES (7, N'MP0004', 168000.0000, 20, 0)
INSERT [dbo].[CHITIETDATHANG] ([SOHOADON], [MAHANG], [GIABAN], [SOLUONG], [MUCGIAMGIA]) VALUES (8, N'TP0002', 2160.0000, 10, 0)
INSERT [dbo].[CHITIETDATHANG] ([SOHOADON], [MAHANG], [GIABAN], [SOLUONG], [MUCGIAMGIA]) VALUES (8, N'TP0003', 8400.0000, 5, 0)
INSERT [dbo].[CHITIETDATHANG] ([SOHOADON], [MAHANG], [GIABAN], [SOLUONG], [MUCGIAMGIA]) VALUES (9, N'MP0003', 204000.0000, 10, 0)
INSERT [dbo].[CHITIETDATHANG] ([SOHOADON], [MAHANG], [GIABAN], [SOLUONG], [MUCGIAMGIA]) VALUES (9, N'MP0005', 120000.0000, 15, 0)
INSERT [dbo].[CHITIETDATHANG] ([SOHOADON], [MAHANG], [GIABAN], [SOLUONG], [MUCGIAMGIA]) VALUES (10, N'TP0001', 14400.0000, 20, 0)
INSERT [dbo].[CHITIETDATHANG] ([SOHOADON], [MAHANG], [GIABAN], [SOLUONG], [MUCGIAMGIA]) VALUES (10, N'TP0002', 2160.0000, 20, 0)
INSERT [dbo].[CHITIETDATHANG] ([SOHOADON], [MAHANG], [GIABAN], [SOLUONG], [MUCGIAMGIA]) VALUES (10, N'TP0003', 8400.0000, 30, 0)
INSERT [dbo].[CHITIETDATHANG] ([SOHOADON], [MAHANG], [GIABAN], [SOLUONG], [MUCGIAMGIA]) VALUES (10, N'TP0004', 7800.0000, 17, 0)
INSERT [dbo].[CHITIETDATHANG] ([SOHOADON], [MAHANG], [GIABAN], [SOLUONG], [MUCGIAMGIA]) VALUES (11, N'GD0003', 120000.0000, 17, 0)
INSERT [dbo].[CHITIETDATHANG] ([SOHOADON], [MAHANG], [GIABAN], [SOLUONG], [MUCGIAMGIA]) VALUES (12, N'TP0007', 7800.0000, 20, 0)
INSERT [dbo].[CHITIETDATHANG] ([SOHOADON], [MAHANG], [GIABAN], [SOLUONG], [MUCGIAMGIA]) VALUES (12, N'TH0001', 6000.0000, 10, 0)
INSERT [dbo].[CHITIETDATHANG] ([SOHOADON], [MAHANG], [GIABAN], [SOLUONG], [MUCGIAMGIA]) VALUES (12, N'TH0002', 9600.0000, 10, 0)
INSERT [dbo].[CHITIETDATHANG] ([SOHOADON], [MAHANG], [GIABAN], [SOLUONG], [MUCGIAMGIA]) VALUES (13, N'MP0005', 120000.0000, 120, 15)
INSERT [dbo].[CHITIETDATHANG] ([SOHOADON], [MAHANG], [GIABAN], [SOLUONG], [MUCGIAMGIA]) VALUES (13, N'TR0003', 2400000.0000, 95, 15)
INSERT [dbo].[CHITIETDATHANG] ([SOHOADON], [MAHANG], [GIABAN], [SOLUONG], [MUCGIAMGIA]) VALUES (14, N'MP0001', 144000.0000, 10, 0)
INSERT [dbo].[CHITIETDATHANG] ([SOHOADON], [MAHANG], [GIABAN], [SOLUONG], [MUCGIAMGIA]) VALUES (15, N'MP0002', 600000.0000, 10, 0)
INSERT [dbo].[CHITIETDATHANG] ([SOHOADON], [MAHANG], [GIABAN], [SOLUONG], [MUCGIAMGIA]) VALUES (15, N'TP0001', 14400.0000, 30, 0)
INSERT [dbo].[CHITIETDATHANG] ([SOHOADON], [MAHANG], [GIABAN], [SOLUONG], [MUCGIAMGIA]) VALUES (16, N'TR0002', 204000.0000, 10, 0)
INSERT [dbo].[CHITIETDATHANG] ([SOHOADON], [MAHANG], [GIABAN], [SOLUONG], [MUCGIAMGIA]) VALUES (16, N'TR0003', 2400000.0000, 14, 0)
INSERT [dbo].[CHITIETDATHANG] ([SOHOADON], [MAHANG], [GIABAN], [SOLUONG], [MUCGIAMGIA]) VALUES (17, N'TR0004', 228000.0000, 50, 10)
INSERT [dbo].[CHITIETDATHANG] ([SOHOADON], [MAHANG], [GIABAN], [SOLUONG], [MUCGIAMGIA]) VALUES (18, N'TR0004', 228000.0000, 50, 10)
INSERT [dbo].[CHITIETDATHANG] ([SOHOADON], [MAHANG], [GIABAN], [SOLUONG], [MUCGIAMGIA]) VALUES (18, N'TR0005', 540000.0000, 40, 10)
INSERT [dbo].[CHITIETDATHANG] ([SOHOADON], [MAHANG], [GIABAN], [SOLUONG], [MUCGIAMGIA]) VALUES (19, N'MP0005', 120000.0000, 120, 15)
INSERT [dbo].[CHITIETDATHANG] ([SOHOADON], [MAHANG], [GIABAN], [SOLUONG], [MUCGIAMGIA]) VALUES (19, N'TR0003', 2400000.0000, 95, 15)
INSERT [dbo].[CHITIETDATHANG] ([SOHOADON], [MAHANG], [GIABAN], [SOLUONG], [MUCGIAMGIA]) VALUES (20, N'TP0002', 2160.0000, 100, 0)
INSERT [dbo].[CHITIETDATHANG] ([SOHOADON], [MAHANG], [GIABAN], [SOLUONG], [MUCGIAMGIA]) VALUES (20, N'TP0004', 7800.0000, 60, 0)
INSERT [dbo].[CHITIETDATHANG] ([SOHOADON], [MAHANG], [GIABAN], [SOLUONG], [MUCGIAMGIA]) VALUES (20, N'TP0006', 90000.0000, 10, 0)

SET NOCOUNT OFF