--
insert HOSOVAYVON (MaHoSo, LaiSuat) values (N'HS01', 0.6)
insert HOSOVAYVON (MaHoSo, LaiSuat) values (N'HS02', 0.4)
insert HOSOVAYVON (MaHoSo, LaiSuat) values (N'HS03', 0.7)
insert HOSOVAYVON (MaHoSo, LaiSuat) values (N'HS04', 0.6)
insert HOSOVAYVON (MaHoSo, LaiSuat) values (N'HS05', 0.9)
insert HOSOVAYVON (MaHoSo, LaiSuat) values (N'HS06', 0.7)
--
insert THANHVIEN (MaThanhVien, HoDem, Ten, NgaySinh, GioiTinh, NoiSinh) values (N'TV01', N'Nguyễn Thị', N'Huế', cast(N'1993-08-05' as date), 0, N'Đà Nẵng')
insert THANHVIEN (MaThanhVien, HoDem, Ten, NgaySinh, GioiTinh, NoiSinh) values (N'TV02', N'Lê Văn', N'Lý', cast(N'1992-09-21' as date), 1, N'TT Huế')
insert THANHVIEN (MaThanhVien, HoDem, Ten, NgaySinh, GioiTinh, NoiSinh) values (N'TV03', N'Lê Thị Hồng', N'Nga', cast(N'1991-07-24' as date), 0, null)
insert THANHVIEN (MaThanhVien, HoDem, Ten, NgaySinh, GioiTinh, NoiSinh) values (N'TV04', N'Lương Nguyễn Nguyệt', N'Loan', cast(N'1992-12-24' as date), 0, N'TT Huế')
insert THANHVIEN (MaThanhVien, HoDem, Ten, NgaySinh, GioiTinh, NoiSinh) values (N'TV05', N'Nguyễn Thanh', N'Lĩnh', cast(N'1992-04-21' as date), 1, N'Đà Nẵng')
insert THANHVIEN (MaThanhVien, HoDem, Ten, NgaySinh, GioiTinh, NoiSinh) values (N'TV06', N'Võ Văn', N'Hậu', cast(N'1992-09-21' as date), 1, N'Quảng Bình')
insert THANHVIEN (MaThanhVien, HoDem, Ten, NgaySinh, GioiTinh, NoiSinh) values (N'TV07', N'Võ Thị Thu', N'Hằng', cast(N'1993-05-21' as date), 0, N'Hà Nội')
insert THANHVIEN (MaThanhVien, HoDem, Ten, NgaySinh, GioiTinh, NoiSinh) values (N'TV08', N'Trần Thị Khánh', N'Hòa', cast(N'1992-06-24' as date), 0, null)
insert THANHVIEN (MaThanhVien, HoDem, Ten, NgaySinh, GioiTinh, NoiSinh) values (N'TV09', N'Đỗ Thị Ngọc', N'Huyền', cast(N'1991-03-29' as date), 0, N'Hà Nội')
insert THANHVIEN (MaThanhVien, HoDem, Ten, NgaySinh, GioiTinh, NoiSinh) values (N'TV10', N'Nguyễn Thị Diễm', N'Hương', cast(N'1994-02-26' as date), 0, N'Hà Nội')
--
insert HOSOVAYVON_THANHVIEN (MaThanhVien, MaHoSo, SoVonVay) values (N'TV01', N'HS01', 15)
insert HOSOVAYVON_THANHVIEN (MaThanhVien, MaHoSo, SoVonVay) values (N'TV01', N'HS02', 8)
insert HOSOVAYVON_THANHVIEN (MaThanhVien, MaHoSo, SoVonVay) values (N'TV02', N'HS01', 27)
insert HOSOVAYVON_THANHVIEN (MaThanhVien, MaHoSo, SoVonVay) values (N'TV03', N'HS01', 35)
insert HOSOVAYVON_THANHVIEN (MaThanhVien, MaHoSo, SoVonVay) values (N'TV04', N'HS06', 56)
insert HOSOVAYVON_THANHVIEN (MaThanhVien, MaHoSo, SoVonVay) values (N'TV05', N'HS06', 45)
insert HOSOVAYVON_THANHVIEN (MaThanhVien, MaHoSo, SoVonVay) values (N'TV06', N'HS03', 37)
insert HOSOVAYVON_THANHVIEN (MaThanhVien, MaHoSo, SoVonVay) values (N'TV07', N'HS04', 69)
insert HOSOVAYVON_THANHVIEN (MaThanhVien, MaHoSo, SoVonVay) values (N'TV08', N'HS04', 14)
insert HOSOVAYVON_THANHVIEN (MaThanhVien, MaHoSo, SoVonVay) values (N'TV09', N'HS06', 78)